INSERT INTO departamento (id, nombre, ubicacion) VALUES (1, "BACK-END", "Andalucia");
INSERT INTO departamento (id, nombre, ubicacion) VALUES (2, "FRONT-END", "Aragon");
INSERT INTO departamento (id, nombre, ubicacion) VALUES (3, "FULL-STACK", "Castilla y Leon");
INSERT INTO departamento (id, nombre, ubicacion) VALUES (4, "Seguridad", "Castilla la Mancha");
INSERT INTO departamento (id, nombre, ubicacion) VALUES (5, "Diseño", "Madrid");
INSERT INTO departamento (id, nombre, ubicacion) VALUES (6, "Administracion","Galicia");



INSERT INTO empleado (dni, nombre, salario, telefono, departamento) VALUES ("X7459958T", "Catalin Petrehus", 1700, "643329097", 3);
INSERT INTO empleado (dni, nombre, salario, telefono, departamento) VALUES ("X7459958L", "Remus Petrehus", 1800, "634893049", 2);
INSERT INTO empleado (dni, nombre, salario, telefono, departamento) VALUES ("X7459958K", "Diana Petrehus", 1200, "674859403", 1);
INSERT INTO empleado (dni, nombre, salario, telefono, departamento) VALUES ("X7459958I", "Jorge Petrehus", 1500, "647382910", 4);
INSERT INTO empleado (dni, nombre, salario, telefono, departamento) VALUES ("X7459958O", "Emima Petrehus", 1000, "674859604", 5);
INSERT INTO empleado (dni, nombre, salario, telefono, departamento) VALUES ("X7459958P", "Ezra Petrehus", 2300, "683955647", 6);



INSERT INTO jefe (dni, nombre, salario, telefono, departamento) VALUES ("X7459958Q", "Alvaro Belda", 1200, "673892015", 5);
INSERT INTO jefe (dni, nombre, salario, telefono, departamento) VALUES ("X7459958W", "David Ballesteros", 1700, "652417253", 3);
INSERT INTO jefe (dni, nombre, salario, telefono, departamento) VALUES ("X7459958E", "Daniel Negrete", 1100, "635172846", 2);
INSERT INTO jefe (dni, nombre, salario, telefono, departamento) VALUES ("X7459958R", "Alejandro Sanchez", 1300, "627354637", 4);
INSERT INTO jefe (dni, nombre, salario, telefono, departamento) VALUES ("X7459958S", "Daniel Loillo", 1900, "674857364", 1);
INSERT INTO jefe (dni, nombre, salario, telefono, departamento) VALUES ("X7459958T", "Cesar Gutierrez", 1800, "647583928", 6);


INSERT INTO usuarios (usuario, password) VALUES ("catalin", "12345678AMD");
INSERT INTO usuarios (usuario, password) VALUES ("juan", "QWERTY");